Shipment_ID,Ship_Date,Origin_Port,Dest_Port,Weight_KG,Cost_PKR,Status
MR-1001,01/02/2026,Karachi Port,Lahore Dry Port,18000,142000,DELIVERED
MR-1002,02/02/2026,Port Qasim,Faisalabad Dry Port,22500,171000,DELIVERED 
MR-1003,03/02/2026,Karachi Port,Lahore Dry Port,15000,119000,IN TRANSIT
MR-1004,04/02/2026,Gwadar Port,Quetta,20000,188000,DELIVERED
MR-1005,05/02/2026,Port Qasim,Multan,16500,128000, DELIVERED
MR-1006,06/02/2026,Karachi Port,Sialkot Dry Port,19000,154000,DELAYED
MR-1007,07/02/2026,Port Qasim,Lahore Dry Port,14000,109000,DELIVERED
MR-1008,09/02/2026,Karachi Port,Peshawar,21000,197000,IN TRANSIT 
MR-1009,10/02/2026,Gwadar Port,Karachi Cantt,17500,98000,DELIVERED
MR-1010,11/02/2026,Port Qasim,Islamabad Dry Port,15500,139000,DELIVERED
MR-1011,12/02/2026,Karachi Port,Hyderabad,13500,61000,IN TRANSIT
MR-1012,13/02/2026,Port Qasim,Lahore Dry Port,14000,112000,DELIVERED
